"r.squared","adj.r.squared","sigma","statistic","p.value","df","logLik","AIC","BIC","deviance","df.residual","nobs","model"
0.466746372535964,0.316956027742695,8.28630213415576,3.11599771787787,4.46565868081296e-05,25,-391.620362910268,837.240725820535,911.353893286343,6110.98947220778,89,115,"additive"
0.992201559166507,0.947704573234221,2.29281116891953,22.2981745477417,2.89061344950181e-09,97,-148.678645899717,495.357291799434,767.105572507396,89.3687119574766,17,115,"multiplicative"
